{"count":1,"gauges":{"Football.CumulativeReward":{"count":202,"max":4.007178,"min":-9.983569,"value":-5.088407,"weightedAverage":-3.48444867}},"self":152.4360576,"total":695.9232667,"children":{"AgentSendState":{"count":305917,"self":6.3215464,"total":19.7003424,"children":{"CollectObservations":{"count":305918,"self":7.6964504,"total":7.6964505999999995,"children":null},"AgentInfo.ToProto":{"count":305918,"self":2.4960164,"total":5.6823454999999994,"children":{"GenerateSensorData":{"count":305918,"self":3.1863292,"total":3.1863291,"children":null}}}}},"DecideAction":{"count":305917,"self":520.66949119999992,"total":520.6694705,"children":null},"AgentAct":{"count":305917,"self":3.1163971999999998,"total":3.1173979,"children":{"AgentInfo.ToProto":{"count":202,"self":0,"total":0.0010006,"children":{"GenerateSensorData":{"count":202,"self":0.0010006,"total":0.0010006,"children":null}}}}}}}